title_id,title_name,image,category,first_played_date_time,last_played_date_time,play_count,play_duration
PPSA08338_00,Marvel's Spider-Man 2,https://image.api.playstation.com/vulcan/ap/rnd/202306/1219/1c7b75d8ed9271516546560d219ad0b22ee0a263b4537bd8.png,PlatformCategory.PS5,2023-12-27 13:27:08.090000+00:00,2024-01-17 14:26:06.090000+00:00,15,1 days 04:37:17
PPSA07950_00,Call of Duty®,https://image.api.playstation.com/vulcan/ap/rnd/202308/1623/ba00d855b4f9061f4f7c294506753f58bf33ac28453a8de4.png,PlatformCategory.PS5,2022-10-28 13:25:50.100000+00:00,2024-01-16 23:17:43.570000+00:00,234,7 days 10:28:48
PPSA03176_00,FIFA 22,https://image.api.playstation.com/vulcan/img/rnd/202109/2115/5jeuJiXUpb1bZc0Lp1U8N5Ka.png,PlatformCategory.PS5,2022-05-13 16:15:21.140000+00:00,2023-12-08 13:26:56.840000+00:00,53,1 days 07:23:23
CUSA07399_00,Crash Bandicoot N. Sane Trilogy,https://image.api.playstation.com/gs2-sec/appkgo/prod/CUSA07399_00/1/i_ad1b44b4dafe727193cf9003f7557081aa563f3f4198901dbb12592956003ec8/i/icon0.png,PlatformCategory.PS4,2022-10-10 18:26:38.310000+00:00,2023-02-19 17:49:35.980000+00:00,4,0 days 01:26:57
PPSA01465_00,Battlefield™ 2042,https://image.api.playstation.com/vulcan/ap/rnd/202106/0117/I558OkMNBieAq24dzWwjjE4K.png,PlatformCategory.PS5,2021-12-25 20:57:00.090000+00:00,2022-10-25 19:52:29.380000+00:00,103,3 days 06:12:18
PPSA09263_00,Call of Duty®,https://image.api.playstation.com/vulcan/ap/rnd/202308/1623/ba00d855b4f9061f4f7c294506753f58bf33ac28453a8de4.png,PlatformCategory.PS5,2022-09-17 14:14:26.010000+00:00,2022-09-27 18:50:17.850000+00:00,18,0 days 08:12:08
PPSA02696_00,F1® 2021,https://image.api.playstation.com/vulcan/img/rnd/202105/1416/S6JkHc7R2AZWAuXor9VNlkCK.png,PlatformCategory.PS5,2021-12-23 17:33:23.480000+00:00,2022-07-15 12:05:02.950000+00:00,54,1 days 22:55:24
PPSA01721_00,Grand Theft Auto V (PlayStation®5),https://image.api.playstation.com/vulcan/ap/rnd/202202/2816/K6mmm89oNII1iI1aqaClO0wh.png,PlatformCategory.PS5,2022-05-12 19:52:43.650000+00:00,2022-05-16 21:24:45.670000+00:00,2,0 days 02:38:39
CUSA15277_00,Call of Duty®: Modern Warfare®,https://image.api.playstation.com/vulcan/ap/rnd/202212/1917/OS18LBxAVpQ1iPeGWAqSnxem.png,PlatformCategory.PS4,2019-12-24 22:03:41.600000+00:00,2021-12-23 18:30:18.850000+00:00,517,13 days 21:45:13
CUSA29092_00,Call of Duty®: Vanguard,https://image.api.playstation.com/vulcan/ap/rnd/202208/2402/icByXGm1W5mQmol84yMxEgD2.png,PlatformCategory.PS4,2021-11-19 20:17:18.580000+00:00,2021-11-21 14:02:42.450000+00:00,5,0 days 04:16:25
PPSA04298_00,Battlefield™ 2042,https://image.api.playstation.com/vulcan/ap/rnd/202106/0117/I558OkMNBieAq24dzWwjjE4K.png,PlatformCategory.PS5,2021-10-09 20:06:58.520000+00:00,2021-10-10 16:06:37.180000+00:00,1,0 days 01:59:12
PPSA04217_00,Call of Duty®: Vanguard,https://image.api.playstation.com/vulcan/ap/rnd/202208/2402/icByXGm1W5mQmol84yMxEgD2.png,PlatformCategory.PS5,2021-08-27 14:44:53.250000+00:00,2021-10-09 18:23:26.670000+00:00,4,0 days 01:52:13
PPSA01325_00,ASTRO's PLAYROOM,https://image.api.playstation.com/vulcan/ap/rnd/202010/2012/T3h5aafdjR8k7GJAG82832De.png,PlatformCategory.PS5,2021-01-24 15:36:44.510000+00:00,2021-07-17 21:38:03.240000+00:00,4,0 days 04:22:26
PPSA01488_00,Watch Dogs: Legion,https://image.api.playstation.com/vulcan/ap/rnd/202007/0200/ohDfr1TcylLqbwva38ONyLHO.png,PlatformCategory.PS5,2021-01-26 12:36:46.050000+00:00,2021-04-12 11:02:22.620000+00:00,3,0 days 00:36:18
CUSA13034_00,Watch Dogs: Legion,https://image.api.playstation.com/vulcan/ap/rnd/202007/0200/ohDfr1TcylLqbwva38ONyLHO.png,PlatformCategory.UNKNOWN,2020-12-24 23:41:40.800000+00:00,2021-01-23 17:19:33.980000+00:00,15,0 days 11:30:10
CUSA05986_00,Need for Speed™ Payback,https://image.api.playstation.com/vulcan/ap/rnd/202210/3122/P3Apt9Q4oXtXArsrnl0R6XTh.png,PlatformCategory.UNKNOWN,2020-10-16 13:44:56.940000+00:00,2021-01-22 13:00:41.520000+00:00,15,0 days 06:20:22
CUSA15545_00,FIFA 20,https://image.api.playstation.com/gs2-sec/appkgo/prod/CUSA15545_00/5/i_f0884483a8e433de9dacbbd95ac58e02c18b95d9bd95e622866d9320cd1bb467/i/icon0_01.png,PlatformCategory.PS4,2019-09-30 19:14:40.720000+00:00,2021-01-22 12:13:48.190000+00:00,32,0 days 21:19:59
CUSA20073_00,Call of Duty®: Black Ops Cold War,https://image.api.playstation.com/vulcan/ap/rnd/202112/0618/cFLNC3xYfEdDl7D1Wvu4MVb1.png,PlatformCategory.PS4,2020-09-17 22:28:38.040000+00:00,2020-10-11 10:01:36.950000+00:00,13,0 days 02:26:44
CUSA14085_00,PUBG: BATTLEGROUNDS,https://image.api.playstation.com/vulcan/ap/rnd/202312/1402/ada609849edb9800c5d7edcbdb8d5d871a1122e0d0af57c1.png,PlatformCategory.PS4,2020-09-01 16:05:46.140000+00:00,2020-09-30 16:30:00.670000+00:00,3,0 days 00:07:56
CUSA07904_00,Call of Duty®: Modern Warfare® 2 Campaign Remastered,https://image.api.playstation.com/gs2-sec/appkgo/prod/CUSA07904_00/1/i_0da7aba5e7706bd220b4f36dfc6e361b3d3b00f6b5ea0898c325e3b8795d2c82/i/icon0.png,PlatformCategory.PS4,2020-08-16 11:55:08.940000+00:00,2020-08-25 07:19:08.880000+00:00,6,0 days 04:52:32
CUSA01788_00,Tom Clancy's Rainbow Six® Siege,https://image.api.playstation.com/vulcan/ap/rnd/202209/0617/eiXonwxcJH00bkGo3G6lUm9t.png,PlatformCategory.PS4,2015-12-25 11:55:51+00:00,2020-04-19 17:17:28.970000+00:00,702,20 days 22:59:25
CUSA00556_00,The Last of Us™ Remastered,https://image.api.playstation.com/vulcan/img/rnd/202011/1020/FKgazVvG7BcWouCr39mIiXkW.png,PlatformCategory.PS4,2019-11-01 18:08:00.670000+00:00,2020-04-14 07:44:41.950000+00:00,6,0 days 03:54:50
CUSA12630_00,Tom Clancy's The Division® 2,https://image.api.playstation.com/gs2-sec/appkgo/prod/CUSA12630_00/3/i_a9acd1329081e80e5fa9af75def8a486be1b9c686731165d0be41715f66f85f6/i/icon0.png,PlatformCategory.PS4,2019-06-28 08:36:06.220000+00:00,2020-02-09 21:23:26.220000+00:00,53,1 days 23:26:42
CUSA16384_00,FIFA 20,https://image.api.playstation.com/gs2-sec/appkgo/prod/CUSA15545_00/5/i_f0884483a8e433de9dacbbd95ac58e02c18b95d9bd95e622866d9320cd1bb467/i/icon0_01.png,PlatformCategory.PS4,2019-09-13 20:06:35.280000+00:00,2019-09-28 11:47:20.200000+00:00,4,0 days 02:28:03
CUSA16547_00,NBA 2K20,https://image.api.playstation.com/gs2-sec/appkgo/prod/CUSA16386_00/3/i_9d7b6c72d83669c1b2343837d4a357e3862cbc36f63ff990499fe57ee88e439f/i/icon0.png,PlatformCategory.PS4,2019-08-27 17:27:16.830000+00:00,2019-08-28 14:47:09.640000+00:00,4,0 days 00:27:19
CUSA08670_00,Battlefield™ V,https://image.api.playstation.com/gs2-sec/appkgo/prod/CUSA08670_00/2/i_bd313fa35615ab7418c1f552f24bc3af1a93992965e4729df39262ab37ed8880/i/icon0_01.png,PlatformCategory.PS4,2018-11-23 17:33:48.050000+00:00,2019-08-27 17:35:02.540000+00:00,78,2 days 07:38:58
CUSA05379_00,Call of Duty®: Modern Warfare® Remastered,https://image.api.playstation.com/gs2-sec/appkgo/prod/CUSA05379_00/2/i_4cfad262816af629a9b660a48e85411efdc6eab4d7d90c6c13e7808f87e80ba7/i/icon0.png,PlatformCategory.PS4,2019-03-17 12:53:12.480000+00:00,2019-06-21 14:46:37.230000+00:00,47,0 days 22:39:45
CUSA12552_00,Apex Legends™,https://image.api.playstation.com/vulcan/ap/rnd/202311/0210/c90ae3021e37894ca75cc137b4deb6359c19acd3fd68b196.png,PlatformCategory.PS4,2019-02-15 16:49:25.620000+00:00,2019-06-20 09:50:31.470000+00:00,40,0 days 23:20:36
CUSA11608_00,FIFA 19,https://image.api.playstation.com/gs2-sec/appkgo/prod/CUSA11608_00/4/i_792a77798272879836aff65dd0591c5a8ad85b2c0bdb007bfbc4f2073d3ab97e/i/icon0_01.png,PlatformCategory.PS4,2018-09-29 22:41:06.410000+00:00,2019-06-15 18:17:33.050000+00:00,86,2 days 16:57:20
CUSA08519_00,Red Dead Redemption 2,https://image.api.playstation.com/gs2-sec/appkgo/prod/CUSA08519_00/12/i_3da1cf7c41dc7652f9b639e1680d96436773658668c7dc3930c441291095713b/i/icon0.png,PlatformCategory.PS4,2018-11-03 20:16:12.170000+00:00,2019-03-08 17:56:20.470000+00:00,7,0 days 04:39:17
CUSA08609_00,The Crew® 2,https://image.api.playstation.com/vulcan/img/rnd/202106/2915/1435VrOM5qYnVAYEBjMYDH3E.png,PlatformCategory.PS4,2018-06-30 08:37:01.010000+00:00,2019-03-08 17:48:14.690000+00:00,35,0 days 16:31:42
CUSA07669_00,Fortnite,https://image.api.playstation.com/vulcan/ap/rnd/202311/2801/803e41fee0edf8f8ed1de518e6eac60ddf30ac485b9a16a2.png,PlatformCategory.PS4,2017-10-08 13:38:35.650000+00:00,2019-03-03 17:03:24.180000+00:00,633,17 days 01:01:01
CUSA02624_00,Call of Duty®: Black Ops III,https://image.api.playstation.com/gs2-sec/appkgo/prod/CUSA02624_00/6/i_c215706b64aaf3a61d26f8496a19ff5e4151fa30f504c8510ff66c7561965ec3/i/icon0.png,PlatformCategory.PS4,2018-06-14 07:36:06.350000+00:00,2018-11-19 17:05:08.850000+00:00,81,1 days 03:15:32
CUSA12582_00,FIFA 19,https://image.api.playstation.com/gs2-sec/appkgo/prod/CUSA11608_00/4/i_792a77798272879836aff65dd0591c5a8ad85b2c0bdb007bfbc4f2073d3ab97e/i/icon0_01.png,PlatformCategory.PS4,2018-09-14 13:29:09.890000+00:00,2018-09-28 19:06:03.280000+00:00,10,0 days 03:55:01
CUSA07994_00,FIFA 18,https://image.api.playstation.com/gs2-sec/appkgo/prod/CUSA07994_00/3/i_a18be18308cdd01f80c58ef164210bb2b79bf344e67ec9cc125382e078826035/i/icon0_01.png,PlatformCategory.PS4,2017-09-30 14:15:19.530000+00:00,2018-09-22 13:20:31.580000+00:00,219,5 days 14:08:14
CUSA03617_00,Mafia: Trilogy,https://image.api.playstation.com/vulcan/ap/rnd/202307/1422/cc8f9a5fea22800aaeed6c8b38032fcc94ab2c0c57a6746e.png,PlatformCategory.PS4,2018-08-28 13:58:17.700000+00:00,2018-09-21 10:56:55.380000+00:00,30,1 days 02:48:18
CUSA11745_00,H1Z1: Battle Royale,https://image.api.playstation.com/gs2-sec/appkgo/prod/CUSA07507_00/4/i_98f4219cec0cb2a0e22461236035f6f6791adf6035a7e853d476bb5d728a7a62/i/icon0.png,PlatformCategory.PS4,2018-05-23 11:37:27.250000+00:00,2018-09-14 10:47:50.740000+00:00,19,0 days 00:05:49
CUSA13212_00,Battlefield™ V,https://image.api.playstation.com/gs2-sec/appkgo/prod/CUSA08670_00/2/i_bd313fa35615ab7418c1f552f24bc3af1a93992965e4729df39262ab37ed8880/i/icon0_01.png,PlatformCategory.PS4,2018-09-06 15:22:58.820000+00:00,2018-09-11 15:26:24.940000+00:00,2,0 days 01:29:42
CUSA08004_00,A Way Out,https://image.api.playstation.com/gs2-sec/appkgo/prod/CUSA08004_00/3/i_7001e8db890d1a56573af505dc412a20d1cce9cf5dc4ba913f2a127810a5343e/i/icon0.png,PlatformCategory.PS4,2018-04-15 10:53:42.090000+00:00,2018-08-19 20:11:57.320000+00:00,9,0 days 05:36:02
CUSA00717_00,Detroit: Become Human™,https://image.api.playstation.com/vulcan/img/rnd/202010/2119/wl4DB5QGzlEHAXy1KLUVgOAu.png,PlatformCategory.PS4,2018-05-25 12:55:46.150000+00:00,2018-06-12 08:37:33.190000+00:00,15,0 days 11:24:13
CUSA00031_00,Rayman Legends,https://image.api.playstation.com/gs2-sec/appkgo/prod/CUSA00031_00/1/i_de7f2d4471d56be1911987fdae0711e95cd6f21b0ae43c57c70d0bf785ae4acb/i/icon0.png,PlatformCategory.PS4,2018-05-21 10:33:49.720000+00:00,2018-05-21 10:33:49.720000+00:00,1,0 days 00:10:14
CUSA00511_00,Beyond: Two Souls™,https://image.api.playstation.com/gs2-sec/appkgo/prod/CUSA00267_00/7/i_1256bd04612dfada764ffaef182b137b074e933ae7ea280f0d6584b5e2c8f2f9/i/icon0.png,PlatformCategory.PS4,2018-05-21 10:33:37.400000+00:00,2018-05-21 10:33:37.400000+00:00,1,0 days 00:00:05
CUSA11405_00,GRAVEL,https://image.api.playstation.com/gs2-sec/appkgo/prod/CUSA07863_00/2/i_0266c3d37e0986a97953fdb90215bc1b9892ab6865bace2c3b6ec665f244849f/i/icon0.png,PlatformCategory.PS4,2018-05-19 16:55:40.030000+00:00,2018-05-20 11:04:18.120000+00:00,2,0 days 00:15:41
CUSA10345_00,Detroit: Become Human™,https://image.api.playstation.com/vulcan/img/rnd/202010/2119/wl4DB5QGzlEHAXy1KLUVgOAu.png,PlatformCategory.PS4,2018-04-25 12:29:20.740000+00:00,2018-05-19 17:02:34.130000+00:00,4,0 days 01:10:59
CUSA01073_00,Ratchet & Clank™,https://image.api.playstation.com/vulcan/img/rnd/202011/1020/2sD70skhUEhaf3gwCWJsEfGt.png,PlatformCategory.PS4,2018-03-09 16:07:28.570000+00:00,2018-04-15 10:28:24.320000+00:00,5,0 days 01:35:18
CUSA08630_00,Call of Duty®: WWII,https://image.api.playstation.com/gs2-sec/appkgo/prod/CUSA08630_00/2/i_35cd932aef94645fe0612672cd98b4a8cdd31918627571069b99491d30ba781c/i/icon0.png,PlatformCategory.PS4,2017-11-10 16:20:09.520000+00:00,2018-03-22 17:37:33.210000+00:00,186,3 days 12:57:25
CUSA00004_00,inFAMOUS™ Second Son,https://image.api.playstation.com/vulcan/img/rnd/202011/0700/enLAr4eVGBxWjrHh5nLTUSnn.png,PlatformCategory.PS4,2017-09-09 10:29:58.270000+00:00,2018-03-07 12:58:10.180000+00:00,17,0 days 09:03:02
CUSA05749_00,STAR WARS™ Battlefront™ II,https://image.api.playstation.com/gs2-sec/appkgo/prod/CUSA05749_00/4/i_d1fb05cea9c9978c82fce182d4e79120430b33de101d0652ef91edf150fedb9b/i/icon0_01.png,PlatformCategory.PS4,2017-11-18 20:04:06.430000+00:00,2018-02-23 17:09:04.970000+00:00,35,0 days 23:29:42
CUSA10245_00,STEEP,https://image.api.playstation.com/gs2-sec/appkgo/prod/CUSA05526_00/2/i_c8094d5d5778a7deb586d35a39a606beec8e8faf120802182960a69a51fcd45a/i/icon0.png,PlatformCategory.PS4,2017-11-29 13:07:23.850000+00:00,2017-12-16 17:42:35.970000+00:00,4,0 days 01:22:44
CUSA01154_00,METAL GEAR SOLID V: THE PHANTOM PAIN,https://image.api.playstation.com/vulcan/ap/rnd/202010/0205/dyvo9eGUf7WTZx49eTpQyDuL.png,PlatformCategory.PS4,2017-10-04 17:52:44.330000+00:00,2017-11-03 15:51:10.030000+00:00,8,0 days 03:23:48
CUSA08752_00,STAR WARS™ Battlefront™ II,https://image.api.playstation.com/gs2-sec/appkgo/prod/CUSA05749_00/4/i_d1fb05cea9c9978c82fce182d4e79120430b33de101d0652ef91edf150fedb9b/i/icon0_01.png,PlatformCategory.PS4,2017-10-05 10:18:14.280000+00:00,2017-10-12 11:08:50.750000+00:00,13,0 days 06:29:52
CUSA06859_00,Crossout,https://image.api.playstation.com/vulcan/ap/rnd/202310/1215/5541f8a9057cf2169699b8d0d954d41e0e5ef8ea0c771c97.png,PlatformCategory.PS4,2017-06-06 08:15:23.210000+00:00,2017-10-04 18:12:17.700000+00:00,10,0 days 03:26:38
CUSA02387_00,Battlefield™ 1,https://image.api.playstation.com/gs2-sec/appkgo/prod/CUSA02387_00/4/i_4f0735372ec946403df8905f3f520cfcec79b433a7fe90758500a025c3401d34/i/icon0_01.png,PlatformCategory.PS4,2016-10-21 09:30:38.410000+00:00,2017-09-30 17:02:12.560000+00:00,333,10 days 06:03:51
CUSA08354_00,FIFA 18,https://image.api.playstation.com/gs2-sec/appkgo/prod/CUSA07994_00/3/i_a18be18308cdd01f80c58ef164210bb2b79bf344e67ec9cc125382e078826035/i/icon0_01.png,PlatformCategory.PS4,2017-09-13 14:27:18.990000+00:00,2017-09-29 17:27:52.520000+00:00,11,0 days 11:47:22
CUSA09104_00,Tom Clancy's Ghost Recon® Wildlands,https://image.api.playstation.com/gs2-sec/appkgo/prod/CUSA02819_00/4/i_2e028661bf2f2d1576bdd4819f151856bb0c3c4f40d0f67c1f6a32c8c13a671d/i/icon0.png,PlatformCategory.PS4,2017-09-21 19:55:57.690000+00:00,2017-09-25 16:55:49.450000+00:00,14,0 days 08:32:12
CUSA03214_00,FIFA 17,https://image.api.playstation.com/gs2-sec/appkgo/prod/CUSA03214_00/3/i_cd00abb73fe3462759baa4e79ed52d7f4c7f4940ef53c2e1f3a74adb66af71c7/i/icon0_01.png,PlatformCategory.PS4,2016-09-30 17:52:53.380000+00:00,2017-09-10 11:06:18.890000+00:00,82,3 days 01:33:39
CUSA07875_00,UNCHARTED: Legacy of Thieves Collection,https://image.api.playstation.com/vulcan/ap/rnd/202111/2000/gTUWTlvPHzxFJ2JAxtDyI2eS.png,PlatformCategory.PS4,2017-09-01 16:32:42+00:00,2017-09-06 15:11:01.020000+00:00,9,0 days 13:46:12
CUSA08443_00,Marvel vs. Capcom: Infinite,https://image.api.playstation.com/gs2-sec/appkgo/prod/CUSA06380_00/3/i_51cca8b4a2f04589e3e7e8232deda3c00659f95877a1ce7eb8566ea51a28bc91/i/icon0.png,PlatformCategory.PS4,2017-06-17 10:43:08.300000+00:00,2017-08-30 10:41:35.960000+00:00,3,0 days 00:23:45
CUSA02369_00,HITMAN™,https://image.api.playstation.com/gs2-sec/appkgo/prod/CUSA02369_00/3/i_2c97ed4eeabb3e426f3fafa12dc38b9fa9e335baacec73ab394139b9e79bf5ef/i/icon0.png,PlatformCategory.PS4,2017-08-25 11:17:21.920000+00:00,2017-08-25 11:17:21.920000+00:00,1,0 days 00:21:24
CUSA02819_00,Tom Clancy's Ghost Recon® Wildlands,https://image.api.playstation.com/gs2-sec/appkgo/prod/CUSA02819_00/4/i_2e028661bf2f2d1576bdd4819f151856bb0c3c4f40d0f67c1f6a32c8c13a671d/i/icon0.png,PlatformCategory.PS4,2017-06-20 09:57:43.260000+00:00,2017-07-20 08:44:06.570000+00:00,59,3 days 19:49:13
CUSA01936_00,EA SPORTS™ UFC® 2,https://image.api.playstation.com/gs2-sec/appkgo/prod/CUSA01936_00/2/i_431bffc0378811b0f67f43ad43948ebe07378cdd0a3efd2ccc555e0155c88d06/i/icon0.png,PlatformCategory.PS4,2017-06-17 11:34:39.660000+00:00,2017-07-16 11:52:12.600000+00:00,13,0 days 09:10:46
CUSA05526_00,STEEP,https://image.api.playstation.com/gs2-sec/appkgo/prod/CUSA05526_00/2/i_c8094d5d5778a7deb586d35a39a606beec8e8faf120802182960a69a51fcd45a/i/icon0.png,PlatformCategory.PS4,2016-12-25 11:50:58.470000+00:00,2017-06-07 13:52:30.700000+00:00,29,0 days 20:41:05
CUSA08457_00,Prey,https://image.api.playstation.com/vulcan/ap/rnd/202009/2902/qsnHdkCM1Zlnue33c5t5skP5.png,PlatformCategory.PS4,2017-05-23 16:03:07.950000+00:00,2017-05-23 16:03:07.950000+00:00,1,0 days 00:26:35
CUSA00063_00,LittleBigPlanet™3,https://image.api.playstation.com/vulcan/img/rnd/202011/0523/uCNQSzE3APHneMXOdWeBAyeR.png,PlatformCategory.PS4,2017-02-21 16:51:21.820000+00:00,2017-04-21 16:11:34.740000+00:00,3,0 days 00:18:01
CUSA07470_00,Mafia III,https://image.api.playstation.com/gs2-sec/appkgo/prod/CUSA03617_00/6/i_f338b47d39a47211a1a6a66164a5dd400f3ac8d2800acb90e84e2795d81e5cac/i/icon0.png,PlatformCategory.PS4,2017-03-28 16:45:02.840000+00:00,2017-04-02 09:58:54.280000+00:00,8,0 days 03:22:08
CUSA06118_00,Tom Clancy's Ghost Recon® Wildlands,https://image.api.playstation.com/gs2-sec/appkgo/prod/CUSA02819_00/4/i_2e028661bf2f2d1576bdd4819f151856bb0c3c4f40d0f67c1f6a32c8c13a671d/i/icon0.png,PlatformCategory.PS4,2017-02-23 22:51:14.320000+00:00,2017-02-27 12:00:55.430000+00:00,10,0 days 10:05:26
CUSA07028_00,For Honor,https://image.api.playstation.com/gs2-sec/appkgo/prod/CUSA05264_00/2/i_e6ab917b766cfda7b368e5ab4d2e386de33b4886b4e181efa8ce35dec7f18ed9/i/icon0.png,PlatformCategory.PS4,2017-02-13 11:08:25.820000+00:00,2017-02-13 16:49:06.570000+00:00,2,0 days 00:03:10
CUSA02646_00,This War of Mine: The Little Ones,https://image.api.playstation.com/vulcan/ap/rnd/202011/0213/ZF6clw5XkbWD7iuvVllr6fhz.png,PlatformCategory.PS4,2017-01-25 12:51:27.660000+00:00,2017-01-25 12:51:27.660000+00:00,1,0 days 00:14:13
CUSA05282_00,Call of Duty®: Infinite Warfare,https://image.api.playstation.com/gs2-sec/appkgo/prod/CUSA05282_00/2/i_0c05cf0c4b4f8af425c718faed3ee943fd87e5d5cf51e7e1fc8f26ffc29a2627/i/icon0.png,PlatformCategory.PS4,2016-12-19 11:07:03.330000+00:00,2016-12-21 10:36:33.350000+00:00,8,0 days 06:12:39
CUSA04294_00,WATCH_DOGS® 2,https://image.api.playstation.com/cdn/UP0001/CUSA04459_00/qBxvfDJJ9dbavai6xsWOcWaxRDGRb7h0.png,PlatformCategory.PS4,2016-11-14 15:55:22.600000+00:00,2016-12-08 14:46:46.800000+00:00,45,2 days 01:06:34
CUSA06046_00,WORLD OF FINAL FANTASY,https://image.api.playstation.com/gs2-sec/appkgo/prod/CUSA04548_00/2/i_a47e4990709b55d5d32aa862a0007f07b4bcd0f88fee43e0ab1b32ca1bb12862/i/icon0.png,PlatformCategory.PS4,2016-12-07 13:05:51.680000+00:00,2016-12-07 13:05:51.680000+00:00,1,0 days 00:02:15
CUSA06593_00,STEEP,https://image.api.playstation.com/gs2-sec/appkgo/prod/CUSA05526_00/2/i_c8094d5d5778a7deb586d35a39a606beec8e8faf120802182960a69a51fcd45a/i/icon0.png,PlatformCategory.PS4,2016-11-18 15:25:26.280000+00:00,2016-11-23 17:25:14.860000+00:00,10,0 days 04:17:31
CUSA05378_00,Call of Duty®: Infinite Warfare,https://image.api.playstation.com/gs2-sec/appkgo/prod/CUSA05282_00/2/i_0c05cf0c4b4f8af425c718faed3ee943fd87e5d5cf51e7e1fc8f26ffc29a2627/i/icon0.png,PlatformCategory.PS4,2016-10-21 05:38:02.830000+00:00,2016-10-24 10:48:09.390000+00:00,7,0 days 02:48:42
CUSA00633_00,Battlefield™ Hardline,https://image.api.playstation.com/gs2-sec/appkgo/prod/CUSA00633_00/5/i_972f4d4cac23c4d5f584b2b527941d53a8c9df80935c3e564622013c3e989135/i/icon0_01.png,PlatformCategory.PS4,2016-07-22 14:56:03+00:00,2016-10-20 09:52:17.980000+00:00,66,2 days 09:24:06
CUSA05519_00,FIFA 17,https://image.api.playstation.com/gs2-sec/appkgo/prod/CUSA03214_00/3/i_cd00abb73fe3462759baa4e79ed52d7f4c7f4940ef53c2e1f3a74adb66af71c7/i/icon0_01.png,PlatformCategory.PS4,2016-09-23 16:39:40.900000+00:00,2016-09-25 14:58:24.200000+00:00,2,0 days 00:40:52
CUSA05244_00,Battlefield™ 1,https://image.api.playstation.com/gs2-sec/appkgo/prod/CUSA02387_00/4/i_4f0735372ec946403df8905f3f520cfcec79b433a7fe90758500a025c3401d34/i/icon0_01.png,PlatformCategory.PS4,2016-08-31 11:30:14+00:00,2016-09-08 13:56:18.770000+00:00,23,0 days 17:03:50
CUSA02126_00,FIFA 16,https://image.api.playstation.com/gs2-sec/appkgo/prod/CUSA02126_00/4/i_eaaff46a4916aa5c7ad26991c535ad5cf668ab1c56f4e1daa658e5499dcb8383/i/icon0.png,PlatformCategory.PS4,2015-09-30 18:44:00+00:00,2016-08-31 10:34:00.930000+00:00,51,1 days 08:18:08
CUSA06087_00,Titanfall™ 2,https://image.api.playstation.com/gs2-sec/appkgo/prod/CUSA04013_00/2/i_836b5bbd7a8d122c6f8829b90b1d26565468b822a9470987764b9ed15a509cb5/i/icon0.png,PlatformCategory.PS4,2016-08-28 10:42:30+00:00,2016-08-29 11:08:08.340000+00:00,4,0 days 21:35:35
CUSA04514_00,FINAL FANTASY XV,https://image.api.playstation.com/gs2-sec/appkgo/prod/CUSA01615_00/5/i_d0fdf4ae434e480b9536662f48df7f7180a4c75a96f410c97c76e3bd5f4ef27e/i/icon0.png,PlatformCategory.PS4,2016-07-12 15:36:15+00:00,2016-07-12 15:36:15.380000+00:00,1,0 days 00:19:15
CUSA01210_00,Trackmania Turbo,https://image.api.playstation.com/gs2-sec/appkgo/prod/CUSA01210_00/6/i_d0b1607bc07a416ce656360c9dff11b19f32b4831403073b5b45a605378d01b5/i/icon0.png,PlatformCategory.PS4,2016-04-01 11:12:34+00:00,2016-07-12 12:01:01.530000+00:00,9,0 days 01:28:38
CUSA00917_00,UNCHARTED: Legacy of Thieves Collection,https://image.api.playstation.com/vulcan/ap/rnd/202111/2000/gTUWTlvPHzxFJ2JAxtDyI2eS.png,PlatformCategory.PS4,2016-05-10 15:31:25+00:00,2016-07-07 12:52:49.690000+00:00,24,1 days 00:11:04
CUSA00016_00,WATCH_DOGS™,https://image.api.playstation.com/gs2-sec/appkgo/prod/CUSA00016_00/3/i_36e2b7c37c766c3c8028a3740918af1bec0cd873f2583ffc0264aeae38683cca/i/icon0.png,PlatformCategory.PS4,2014-05-28 15:44:36+00:00,2016-06-23 16:31:21.450000+00:00,143,4 days 14:26:12
CUSA00634_00,STAR WARS™ Battlefront™,https://image.api.playstation.com/gs2-sec/appkgo/prod/CUSA00634_00/3/i_bd22c9c5ff495c10c426c43b96fdbaf5766a8c7cf9cb11996283ced3402d9292/i/icon0_01.png,PlatformCategory.PS4,2015-11-19 15:08:13+00:00,2016-06-23 09:04:52.360000+00:00,77,2 days 04:23:39
CUSA03396_00,LEGO® STAR WARS™: The Force Awakens,https://image.api.playstation.com/gs2-sec/appkgo/prod/CUSA03397_00/2/i_aa926e49cd08015c3a5fb80ea0c53ef324806f5e3f4a537d8d656ad467ea242d/i/icon0.png,PlatformCategory.PS4,2016-06-14 16:33:36+00:00,2016-06-14 16:33:36.041000+00:00,1,0 days 00:21:06
CUSA00572_00,SHAREfactory™,https://image.api.playstation.com/gs2-sec/appkgo/prod/CUSA00572_00/1/i_99aead44fb123c33d54eb72b03da03dddad97986111533b2f5007b3cfca8eebd/i/icon0.png,PlatformCategory.PS4,,2016-05-20 11:00:18.010000+00:00,2,0 days 00:02:18
CUSA04961_00,Overwatch 2 – Season 8: Call of the Hunt,https://image.api.playstation.com/vulcan/ap/rnd/202312/0122/2b0669127d98eaadc96adc0af0e618e787d1cd0626b72156.png,PlatformCategory.PS4,2016-05-07 09:20:17+00:00,2016-05-11 15:42:46.096000+00:00,8,0 days 03:38:59
CUSA01262_00,Tom Clancy's The Division™,https://image.api.playstation.com/gs2-sec/appkgo/prod/CUSA01262_00/3/i_e6d232ba4d068e89ed9de881fa1fa3939d7e3d00a77bcd43ad652f4bd3f1029d/i/icon0.png,PlatformCategory.PS4,2016-03-08 13:25:56+00:00,2016-03-31 14:32:00+00:00,38,2 days 11:45:33
CUSA02992_00,HITMAN™,https://image.api.playstation.com/gs2-sec/appkgo/prod/CUSA02369_00/3/i_2c97ed4eeabb3e426f3fafa12dc38b9fa9e335baacec73ab394139b9e79bf5ef/i/icon0.png,PlatformCategory.PS4,2016-03-06 16:32:36+00:00,2016-03-08 16:13:59+00:00,5,0 days 00:21:50
CUSA04051_00,UNCHARTED: Legacy of Thieves Collection,https://image.api.playstation.com/vulcan/ap/rnd/202111/2000/gTUWTlvPHzxFJ2JAxtDyI2eS.png,PlatformCategory.PS4,2016-03-04 12:31:48+00:00,2016-03-07 15:57:25+00:00,14,0 days 04:28:35
CUSA02343_00,Uncharted™: The Nathan Drake Collection,https://image.api.playstation.com/vulcan/img/rnd/202011/1101/zC3kulm2Ho3ZE38ZUYHW7WMK.png,PlatformCategory.PS4,2016-01-08 17:40:44+00:00,2016-02-25 16:14:20+00:00,34,1 days 03:38:02
CUSA03058_00,Tom Clancy's The Division™,https://image.api.playstation.com/gs2-sec/appkgo/prod/CUSA01262_00/3/i_e6d232ba4d068e89ed9de881fa1fa3939d7e3d00a77bcd43ad652f4bd3f1029d/i/icon0.png,PlatformCategory.PS4,2016-01-27 11:42:28+00:00,2016-02-21 11:34:09+00:00,14,0 days 06:34:03
CUSA03655_00,World of Tanks,https://image.api.playstation.com/vulcan/ap/rnd/202312/0619/9b381904bd0dcb2c7a5b93e7a1c60155a0c25b6714af1e0b.png,PlatformCategory.PS4,2015-12-04 16:10:03+00:00,2015-12-04 16:10:03+00:00,1,0 days 00:06:08
CUSA04023_00,Tom Clancy's Rainbow Six® Siege,https://image.api.playstation.com/vulcan/ap/rnd/202209/0617/eiXonwxcJH00bkGo3G6lUm9t.png,PlatformCategory.PS4,2015-11-25 14:47:29+00:00,2015-11-30 18:07:09+00:00,21,0 days 07:48:04
CUSA01866_00,Need for Speed™,https://image.api.playstation.com/gs2-sec/appkgo/prod/CUSA01866_00/5/i_8da3e78c79bdea01cf3a5f1f19080934f035222d562066ecc7d375eed333c096/i/icon0_01.png,PlatformCategory.PS4,2015-11-05 15:40:56+00:00,2015-11-27 12:22:05+00:00,28,0 days 18:12:40
CUSA00265_00,Minecraft,https://image.api.playstation.com/gs2-sec/appkgo/prod/CUSA00265_00/8/i_1c2d1812f27ec71285072e191d1822134e4f9730141c88537d87837014a17295/i/icon0.png,PlatformCategory.PS4,2015-02-26 17:54:44+00:00,2015-11-21 15:18:49+00:00,116,5 days 00:26:30
CUSA00025_00,Call of Duty® Ghosts,https://image.api.playstation.com/gs2-sec/appkgo/prod/CUSA00025_00/3/i_fa4feb9c4edb2b19057a020c6c103b1aade00efbf7ed60d39a21c541f368ccfa/i/icon0.png,PlatformCategory.PS4,2014-12-26 11:57:05+00:00,2015-11-04 17:04:37+00:00,203,7 days 06:03:36
CUSA00605_00,Assassin's Creed® Unity,https://image.api.playstation.com/gs2-sec/appkgo/prod/CUSA00605_00/3/i_c15f584921b0e2d55abaac59bca53946438f110541caa61c17439850c3fd7269/i/icon0.png,PlatformCategory.PS4,2014-12-26 16:39:32+00:00,2015-10-23 16:15:28+00:00,104,3 days 06:04:20
CUSA00851_00,Call of Duty®: Advanced Warfare,https://image.api.playstation.com/gs2-sec/appkgo/prod/CUSA00851_00/5/i_f3cd09be39e293d6a642c78a6e8d9e99bc066d23a11ef3a03b8a52964a88e172/i/icon0.png,PlatformCategory.PS4,2014-11-05 10:46:36+00:00,2015-10-18 12:19:42+00:00,385,10 days 14:02:57
CUSA02940_00,STAR WARS™ Battlefront™,https://image.api.playstation.com/gs2-sec/appkgo/prod/CUSA00634_00/3/i_bd22c9c5ff495c10c426c43b96fdbaf5766a8c7cf9cb11996283ced3402d9292/i/icon0_01.png,PlatformCategory.PS4,2015-10-08 16:10:12+00:00,2015-10-13 15:59:31+00:00,28,0 days 22:12:46
CUSA03331_00,Uncharted™: The Nathan Drake Collection,https://image.api.playstation.com/vulcan/img/rnd/202011/1101/zC3kulm2Ho3ZE38ZUYHW7WMK.png,PlatformCategory.PS4,2015-10-04 09:19:49+00:00,2015-10-04 14:18:09+00:00,6,0 days 01:52:36
CUSA02288_00,FIFA 16,https://image.api.playstation.com/gs2-sec/appkgo/prod/CUSA02126_00/4/i_eaaff46a4916aa5c7ad26991c535ad5cf668ab1c56f4e1daa658e5499dcb8383/i/icon0.png,PlatformCategory.PS4,2015-09-08 16:21:45+00:00,2015-09-26 12:07:55+00:00,12,0 days 05:56:26
CUSA02900_00,Grow Home,https://image.api.playstation.com/gs2-sec/appkgo/prod/CUSA02900_00/2/i_ab5e9e86ac099659f7ad473eba36b691df0385060fcdc1ad0f92feedb15f966e/i/icon0.png,PlatformCategory.PS4,2015-09-01 17:34:18+00:00,2015-09-18 16:41:39+00:00,12,0 days 02:52:18
CUSA00002_00,KILLZONE™ SHADOW FALL,https://image.api.playstation.com/gs2-sec/appkgo/prod/CUSA00008_00/1/i_588635f5f887424279103941788dd66f73c996dc4648f598bac67c81afe62837/i/icon0.png,PlatformCategory.PS4,2014-03-11 08:04:47+00:00,2015-09-09 16:13:08+00:00,29,0 days 09:55:22
CUSA00722_00,FIFA 15,https://image.api.playstation.com/gs2-sec/appkgo/prod/CUSA00722_00/6/i_80d620da22600829442291c8ec0e2521ff622d5a78c6ea3405c9708b96a0a97e/i/icon0.png,PlatformCategory.PS4,2014-09-26 13:47:31+00:00,2015-07-23 17:34:32+00:00,275,8 days 10:01:38
CUSA02055_00,PlanetSide 2,https://image.api.playstation.com/vulcan/ap/rnd/202108/2100/SbNSqD5awDBMMyqNzg90E12h.png,PlatformCategory.PS4,2015-07-04 08:36:43+00:00,2015-07-23 16:02:16+00:00,4,0 days 00:26:26
CUSA00168_00,Need for Speed™ Rivals,https://image.api.playstation.com/gs2-sec/appkgo/prod/CUSA00168_00/5/i_2637b7a92d8b09615c9b919a27546c7a1b52102ceaee6a0354fc6f5f671b4aec/i/icon0_01.png,PlatformCategory.PS4,2014-02-15 09:47:44+00:00,2015-07-23 11:16:32+00:00,35,0 days 14:10:06
CUSA00310_00,EA SPORTS™ UFC®,https://image.api.playstation.com/gs2-sec/appkgo/prod/CUSA00264_00/3/i_2903c117aab9a7992d378e5cf4c4baabf82fade5a18a82d23ddbc02280594957/i/icon0.png,PlatformCategory.PS4,2015-05-23 11:50:25+00:00,2015-07-15 11:18:08+00:00,22,0 days 03:54:24
CUSA00462_00,Far Cry® 4,https://image.api.playstation.com/gs2-sec/appkgo/prod/CUSA00462_00/3/i_f949708af1851db4e2c353b5ae0f577e3fad30658f8381b0485267663aac769a/i/icon0.png,PlatformCategory.PS4,2014-12-25 17:36:13+00:00,2015-06-19 15:44:51+00:00,88,2 days 09:59:50
CUSA00211_00,METAL GEAR SOLID V: GROUND ZEROES,https://image.api.playstation.com/vulcan/ap/rnd/202010/0205/7e9uKR9LiXZ5iahYbYH3Ane7.png,PlatformCategory.PS4,2015-06-03 10:52:02+00:00,2015-06-03 17:24:39+00:00,4,0 days 04:09:32
CUSA00394_00,The Amazing Spider-Man 2™,https://image.api.playstation.com/gs2-sec/appkgo/prod/CUSA00394_00/2/i_38d9df9db9dddcf6d789cce243878381bfed78d9e2091268e167d7be200ee2dc/i/icon0.png,PlatformCategory.PS4,2014-05-24 15:51:55+00:00,2015-05-30 17:37:28+00:00,15,0 days 14:23:47
CUSA00051_00,Injustice: Gods Among Us Ultimate Edition,https://image.api.playstation.com/gs2-sec/appkgo/prod/CUSA00051_00/3/i_710458194e8e9c9c83b69e9adac49e253269dc550787e946ef25dc0030c89136/i/icon0.png,PlatformCategory.PS4,2014-12-15 16:21:33+00:00,2015-05-14 16:52:39+00:00,51,2 days 12:45:09
CUSA00479_00,Valiant Hearts: The Great War,https://image.api.playstation.com/gs2-sec/appkgo/prod/CUSA00479_00/1/i_38455b7ae8315e30ce20121a26636553dde9d6465d91b69ad8f6ce02ee11dc6d/i/icon0.png,PlatformCategory.PS4,2015-03-11 11:56:19+00:00,2015-03-30 08:39:59+00:00,14,0 days 11:43:38
CUSA01920_00,Battlefield™ Hardline,https://image.api.playstation.com/gs2-sec/appkgo/prod/CUSA00633_00/5/i_972f4d4cac23c4d5f584b2b527941d53a8c9df80935c3e564622013c3e989135/i/icon0_01.png,PlatformCategory.PS4,2015-02-05 14:19:37+00:00,2015-02-10 18:07:08+00:00,24,0 days 14:31:06
CUSA00897_00,inFAMOUS™ First Light,https://image.api.playstation.com/gs2-sec/appkgo/prod/CUSA00897_00/2/i_539fefc183c2c78c12eab11fbafc63838a0fc76e8bc9442eed93f16bcf5696ae/i/icon0.png,PlatformCategory.PS4,2015-01-17 13:14:58+00:00,2015-01-18 17:57:19+00:00,4,0 days 00:21:14
CUSA00568_00,Destiny,https://image.api.playstation.com/vulcan/ap/rnd/202009/1422/XuLStsILcwJut5U7tNkZcMRG.png,PlatformCategory.PS4,2014-09-15 15:07:44+00:00,2014-11-06 17:29:57+00:00,9,0 days 05:14:07
CUSA00862_00,FIFA 15,https://image.api.playstation.com/gs2-sec/appkgo/prod/CUSA00722_00/6/i_80d620da22600829442291c8ec0e2521ff622d5a78c6ea3405c9708b96a0a97e/i/icon0.png,PlatformCategory.PS4,2014-09-11 15:30:51+00:00,2014-10-28 15:58:57+00:00,11,0 days 03:45:43
CUSA00049_00,Battlefield 4™,https://image.api.playstation.com/gs2-sec/appkgo/prod/CUSA00049_00/3/i_3836dd7afcf43e5ec1e276f0db327ada1fc7d63fbda8e701aebc73fa29446b54/i/icon0_01.png,PlatformCategory.PS4,2014-05-23 08:04:58+00:00,2014-05-23 15:09:29+00:00,6,0 days 00:09:37
CUSA00539_00,Stick it to The Man,https://image.api.playstation.com/gs2-sec/appkgo/prod/CUSA00539_00/5/i_60797b1636467c2d0718523dca59d1dce1c8e5a9a85ab7a5f5c76587a231246b/i/icon0.png,PlatformCategory.PS4,2014-05-13 07:23:04+00:00,2014-05-21 11:08:43+00:00,5,0 days 01:04:31
